"Path","LineNumber","Line"
"D:\LARAVEL\appartment\app\Http\Controllers\Admin\CoinRedemptionController.php","57","            ->with('success', 'Penukaran koin berhasil di-approve.');"
"D:\LARAVEL\appartment\app\Http\Controllers\Admin\CoinRedemptionController.php","93","            ->with('success', 'Penukaran koin ditolak, koin dikembalikan ke user.');"
"D:\LARAVEL\appartment\app\Http\Controllers\Admin\CoinRedemptionProductController.php","58","            ->with('success', 'Produk penukaran koin berhasil ditambahkan.');"
"D:\LARAVEL\appartment\app\Http\Controllers\Admin\CoinRedemptionProductController.php","87","            ->with('success', 'Produk penukaran koin berhasil diperbarui.');"
"D:\LARAVEL\appartment\app\Http\Controllers\Admin\CoinRedemptionProductController.php","99","            ->with('success', 'Produk penukaran koin berhasil dihapus.');"
"D:\LARAVEL\appartment\app\Http\Controllers\Guest\CoinRedemptionController.php","38","            return back()->with('error', 'Koin Anda tidak mencukupi untuk menukarkan produk ini.');"
"D:\LARAVEL\appartment\app\Http\Controllers\Guest\CoinRedemptionController.php","64","            'description' => 'Penukaran koin: ' . $product->name,"
"D:\LARAVEL\appartment\app\Http\Controllers\Guest\CoinRedemptionController.php","71","            ->with('success', 'Permintaan penukaran koin berhasil diajukan. Menunggu persetujuan admin.');"
"D:\LARAVEL\appartment\app\Http\Controllers\Guest\CoinRedemptionController.php","113","            ->with('success', 'Penukaran koin dibatalkan, koin dikembalikan ke akun Anda.');"
"D:\LARAVEL\appartment\app\Http\Controllers\Guest\TopupController.php","26","    $filter = in_array($request->query('filter'), ['saldo', 'koin']) ? $request->query('filter') : 'all';"
"D:\LARAVEL\appartment\app\Http\Controllers\Guest\TopupController.php","41","            DB::raw(""'koin' as kind""),"
"D:\LARAVEL\appartment\app\Http\Controllers\Guest\TopupController.php","51","        'koin' => $coinQuery()->orderByDesc('created_at')->paginate(20)->withQueryString(),"
"D:\LARAVEL\appartment\lang\id\guest.php","153","        'coin_insufficient'        => 'Koin Anda tidak mencukupi untuk menukarkan produk ini.',"
"D:\LARAVEL\appartment\lang\id\guest.php","154","        'coin_redeem_success'      => 'Permintaan penukaran koin berhasil diajukan. Menunggu persetujuan admin.',"
"D:\LARAVEL\appartment\lang\id\guest.php","156","        'coin_cancel_success'      => 'Penukaran koin dibatalkan, koin dikembalikan ke akun Anda.',"
"D:\LARAVEL\appartment\lang\id\guest.php","478","        'your_coins'      => 'Koin Anda',"
"D:\LARAVEL\appartment\lang\id\guest.php","479","        'coin_unit'       => 'Koin',"
"D:\LARAVEL\appartment\lang\id\guest.php","485","        'tab_coin'        => 'Koin',"
"D:\LARAVEL\appartment\lang\id\guest.php","489","        'empty_coin'     => 'Belum ada riwayat mutasi koin',"
"D:\LARAVEL\appartment\lang\id\guest.php","495","        'unit_coin'      => 'Koin',"
"D:\LARAVEL\appartment\lang\id\guest.php","557","        'title'             => 'Penukaran Koin',"
"D:\LARAVEL\appartment\lang\id\guest.php","564","        'insufficient_coin' => 'Koin Tidak Cukup',"
"D:\LARAVEL\appartment\lang\id\guest.php","566","        'confirm_redeem'    => 'Yakin ingin menukarkan :cost koin untuk :name?',"
"D:\LARAVEL\appartment\lang\id\guest.php","571","        'confirm_cancel'    => 'Yakin ingin membatalkan penukaran ini? Koin akan dikembalikan.',"
"D:\LARAVEL\appartment\resources\views\admin\coin-redemption-products\create.blade.php","4","            {{ __('Tambah Produk Penukaran Koin') }}"
"D:\LARAVEL\appartment\resources\views\admin\coin-redemption-products\create.blade.php","41","                            <label for=""coin_cost"" class=""block text-sm font-medium text-gray-700 mb-1"">Harga Koin <span class=""text-red-500"">*</span></label>"
"D:\LARAVEL\appartment\resources\views\admin\coin-redemption-products\edit.blade.php","4","            {{ __('Edit Produk Penukaran Koin') }}"
"D:\LARAVEL\appartment\resources\views\admin\coin-redemption-products\edit.blade.php","42","                            <label for=""coin_cost"" class=""block text-sm font-medium text-gray-700 mb-1"">Harga Koin <span class=""text-red-500"">*</span></label>"
"D:\LARAVEL\appartment\resources\views\admin\coin-redemption-products\index.blade.php","4","            {{ __('Kelola Produk Penukaran Koin') }}"
"D:\LARAVEL\appartment\resources\views\admin\coin-redemption-products\index.blade.php","63","                        <p class=""mt-2 text-gray-500"">Belum ada produk penukaran koin</p>"
"D:\LARAVEL\appartment\resources\views\admin\coin-redemption-products\index.blade.php","75","                                    <th class=""px-4 py-3 text-left text-xs font-medium text-gray-500 uppercase tracking-wider"">Harga Koin</th>"
"D:\LARAVEL\appartment\resources\views\admin\coin-redemption-products\index.blade.php","103","                                            <span class=""font-medium text-indigo-600"">{{ number_format($product->coin_cost) }} Koin</span>"
"D:\LARAVEL\appartment\resources\views\admin\coin-redemptions\index.blade.php","4","            {{ __('Kelola Penukaran Koin') }}"
"D:\LARAVEL\appartment\resources\views\admin\coin-redemptions\index.blade.php","55","                        <p class=""mt-2 text-gray-500"">Belum ada permintaan penukaran koin</p>"
"D:\LARAVEL\appartment\resources\views\admin\coin-redemptions\index.blade.php","64","                                    <th class=""px-4 py-3 text-left text-xs font-medium text-gray-500 uppercase tracking-wider"">Harga Koin</th>"
"D:\LARAVEL\appartment\resources\views\admin\coin-redemptions\index.blade.php","81","                                            <span class=""font-medium text-indigo-600"">{{ number_format($redemption->coin_cost) }} Koin</span>"
"D:\LARAVEL\appartment\resources\views\admin\coin-redemptions\index.blade.php","122","                                                                onclick=""return confirm('Reject penukaran ini? Koin akan dikembalikan ke guest.')"">"
"D:\LARAVEL\appartment\resources\views\admin\coin-redemptions\show.blade.php","5","                {{ __('Detail Penukaran Koin') }}"
"D:\LARAVEL\appartment\resources\views\admin\coin-redemptions\show.blade.php","46","                            <dt class=""text-gray-500"">Koin Saat Ini</dt>"
"D:\LARAVEL\appartment\resources\views\admin\coin-redemptions\show.blade.php","47","                            <dd class=""font-medium text-indigo-600"">{{ number_format($coinRedemption->user->coin_balance) }} Koin</dd>"
"D:\LARAVEL\appartment\resources\views\admin\coin-redemptions\show.blade.php","71","                            <p class=""text-indigo-600 font-medium mt-1"">{{ number_format($coinRedemption->coin_cost) }} Koin</p>"
"D:\LARAVEL\appartment\resources\views\admin\coin-redemptions\show.blade.php","151","                                    onclick=""return confirm('Reject penukaran ini? Koin akan dikembalikan ke guest.')"">"
"D:\LARAVEL\appartment\resources\views\admin\users\show.blade.php","25","    // Sesuaikan 'coins' bila nama kolom poin/koin di tabel users berbeda"
"D:\LARAVEL\appartment\resources\views\admin\users\show.blade.php","96","                    <p class=""text-sm text-gray-500"">Poin / Koin</p>"
"D:\LARAVEL\appartment\resources\views\guest\balance.blade.php","17","    /* ---------- Kartu saldo & koin ---------- */"
"D:\LARAVEL\appartment\resources\views\guest\balance.blade.php","250","    $filter = in_array($filter ?? request('filter'), ['saldo', 'koin']) ? ($filter ?? request('filter')) : 'all';"
"D:\LARAVEL\appartment\resources\views\guest\balance.blade.php","271","    {{-- Saldo & Koin --}}"
"D:\LARAVEL\appartment\resources\views\guest\balance.blade.php","323","        <a href=""{{ route('guest.balance', ['filter' => 'koin']) }}"""
"D:\LARAVEL\appartment\resources\views\guest\balance.blade.php","324","           class=""tab-btn {{ $filter === 'koin' ? 'active' : '' }}"">"
"D:\LARAVEL\appartment\resources\views\guest\balance.blade.php","340","                    @elseif ($filter === 'koin') {{ __('guest.balance.empty_coin') }}"
"D:\LARAVEL\appartment\resources\views\guest\balance.blade.php","350","                        $isCoin = $mutation->kind === 'koin';"
"D:\LARAVEL\appartment\storage\framework\views\013b3fff5ccddfd7f8b74fc308ce2928.php","126","                    'Penukaran Koin' => ["
"D:\LARAVEL\appartment\storage\framework\views\013b3fff5ccddfd7f8b74fc308ce2928.php","127","                        ['route' => 'admin.coin-redemption-products.index', 'label' => 'Produk Tukar Koin', 'icon' => 'gift'],"
"D:\LARAVEL\appartment\storage\framework\views\013b3fff5ccddfd7f8b74fc308ce2928.php","129","                        ['route' => 'admin.coin-settings.index', 'label' => 'Setting Koin', 'icon' => 'banknotes'],"
"D:\LARAVEL\appartment\storage\framework\views\19b55e6dce2d8309f2f46ceeaf078d9f.php","13","            <?php echo e(__('Tambah Tier Reward Koin')); ?>"
"D:\LARAVEL\appartment\storage\framework\views\19b55e6dce2d8309f2f46ceeaf078d9f.php","40","                    <label class=""block text-sm font-medium text-gray-700 mb-1"">Reward Koin</label>"
"D:\LARAVEL\appartment\storage\framework\views\3f47986e36c0c63ce922bf04bdb59a61.php","13","            <?php echo e(__('Kelola Setting Koin')); ?>"
"D:\LARAVEL\appartment\storage\framework\views\3f47986e36c0c63ce922bf04bdb59a61.php","34","                <h3 class=""font-semibold text-gray-900 text-lg"">Daftar Tier Reward Koin</h3>"
"D:\LARAVEL\appartment\storage\framework\views\3f47986e36c0c63ce922bf04bdb59a61.php","45","                            <th class=""px-6 py-3 text-left text-xs font-medium text-gray-500 uppercase"">Reward Koin</th>"
"D:\LARAVEL\appartment\storage\framework\views\3f47986e36c0c63ce922bf04bdb59a61.php","54","                                <td colspan=""5"" class=""px-6 py-8 text-center text-gray-500"">Belum ada setting koin</td>"
"D:\LARAVEL\appartment\storage\framework\views\3f47986e36c0c63ce922bf04bdb59a61.php","60","                                    <td class=""px-6 py-4 text-gray-700""><?php echo e($setting->coin_reward); ?> koin</td>"
